1425305863555906063, 1425305863555910208
1425305864055930897, 1425305864055935038
1425305864555955730, 1425305864555959868
1425305865055980564, 1425305865055984698
1425305865556005355, 1425305865556009528
1425305866056030189, 1425305866056034358
1425305866556055022, 1425305866556059188
1425305867056079855, 1425305867056084018
1425305867556104689, 1425305867556108848
1425305868056129481, 1425305868056133678
1425305868556154314, 1425305868556158508
1425305869056179147, 1425305869056183338
1425305869556203981, 1425305869556208168
1425305870056228772, 1425305870056232998
1425305870556253606, 1425305870556257828
1425305871056278439, 1425305871056282658
1425305871556303273, 1425305871556307488
1425305872056328064, 1425305872056332318
1425305872556352898, 1425305872556357148
1425305873056377731, 1425305873056381978
1425305873556402565, 1425305873556406808
1425305874056427356, 1425305874056431638
1425305874556452190, 1425305874556456468
1425305875056477023, 1425305875056481298
1425305875556501815, 1425305875556506128
1425305876056526648, 1425305876056530958
1425305876556551482, 1425305876556555788
1425305877056576273, 1425305877056580618
1425305877556601107, 1425305877556605448
1425305878056625898, 1425305878056630278
1425305878556650732, 1425305878556655108
1425305879056675565, 1425305879056679938
1425305879556700357, 1425305879556704768
1425305880056725190, 1425305880056729598
1425305880556750024, 1425305880556754428
1425305881056774815, 1425305881056779258
1425305881556799649, 1425305881556804088
1425305882056824482, 1425305882056828918
1425305882556849274, 1425305882556853748
1425305883056874107, 1425305883056878578
1425305883556898941, 1425305883556903408
1425305884056923732, 1425305884056928238
1425305884556948566, 1425305884556953068
1425305885056973399, 1425305885056977898
1425305885556998191, 1425305885557002728
1425305886057023024, 1425305886057027558
1425305886557047858, 1425305886557052388
1425305887057072649, 1425305887057077218
1425305887557097483, 1425305887557102048
1425305888057122316, 1425305888057126878
1425305888557147150, 1425305888557151708
1425305889057171983, 1425305889057176538
1425305889557196775, 1425305889557201368
1425305890057221608, 1425305890057226198
1425305890557246442, 1425305890557251028
1425305891057271275, 1425305891057275858
1425305891557296108, 1425305891557300688
1425305892057320942, 1425305892057325518
1425305892557345775, 1425305892557350348
1425305893057370567, 1425305893057375178
1425305893557395400, 1425305893557400008
1425305894057420234, 1425305894057424838
1425305894557445067, 1425305894557449668
1425305895057469900, 1425305895057474498
1425305895557494734, 1425305895557499328
1425305896057519526, 1425305896057524158
1425305896557544359, 1425305896557548988
1425305897057569192, 1425305897057573818
1425305897557594026, 1425305897557598648
1425305898057618859, 1425305898057623478
1425305898557643651, 1425305898557648308
1425305899057668484, 1425305899057673138
1425305899557693318, 1425305899557697968
1425305900057718151, 1425305900057722798
1425305900557742943, 1425305900557747628
1425305901057767776, 1425305901057772458
1425305901557792610, 1425305901557797288
1425305902057817443, 1425305902057822118
1425305902557842276, 1425305902557846948
1425305903057867068, 1425305903057871778
1425305903557891901, 1425305903557896608
1425305904057916735, 1425305904057921438
1425305904557941568, 1425305904557946268
1425305905057966402, 1425305905057971098
1425305905557991193, 1425305905557995928
1425305906058016027, 1425305906058020758
1425305906558040860, 1425305906558045588
1425305907058065694, 1425305907058070418
1425305907558090527, 1425305907558095248
1425305908058115319, 1425305908058120078
1425305908558140152, 1425305908558144908
1425305909058164985, 1425305909058169738
1425305909558189819, 1425305909558194568
1425305910058214652, 1425305910058219398
1425305910558239486, 1425305910558244228
1425305911058264319, 1425305911058269058
1425305911558289152, 1425305911558293888
1425305912058313986, 1425305912058318718
1425305912558338819, 1425305912558343548
1425305913058363653, 1425305913058368378
1425305913558388486, 1425305913558393208
1425305914058413319, 1425305914058418038
1425305914558438153, 1425305914558442868
1425305915058462986, 1425305915058467698
1425305915558487820, 1425305915558492528
1425305916058512653, 1425305916058517358
1425305916558537486, 1425305916558542188
1425305917058562320, 1425305917058567018
1425305917558587153, 1425305917558591848
1425305918058611987, 1425305918058616678
1425305918558636820, 1425305918558641508
1425305919058661653, 1425305919058666338
1425305919558686487, 1425305919558691168
1425305920058711320, 1425305920058715998
1425305920558736153, 1425305920558740828
1425305921058760987, 1425305921058765658
1425305921558785820, 1425305921558790488
1425305922058810654, 1425305922058815318
1425305922558835487, 1425305922558840148
1425305923058860320, 1425305923058864978
1425305923558885154, 1425305923558889808
1425305924058909946, 1425305924058914638
1425305924558934779, 1425305924558939468
1425305925058959612, 1425305925058964298
1425305925558984446, 1425305925558989128
1425305926059009279, 1425305926059013958
1425305926559034113, 1425305926559038788
1425305927059058946, 1425305927059063618
1425305927559083738, 1425305927559088448
1425305928059108571, 1425305928059113278
1425305928559133404, 1425305928559138108
1425305929059158238, 1425305929059162938
1425305929559183071, 1425305929559187768
1425305930059207905, 1425305930059212598
1425305930559232738, 1425305930559237428
1425305931059257571, 1425305931059262258
1425305931559282405, 1425305931559287088
1425305932059307238, 1425305932059311918
1425305932559332072, 1425305932559336748
1425305933059356905, 1425305933059361578
1425305933559381738, 1425305933559386408
1425305934059406572, 1425305934059411238
1425305934559431447, 1425305934559436068
1425305935059456280, 1425305935059460898
1425305935559481114, 1425305935559485728
1425305936059505947, 1425305936059510558
1425305936559530780, 1425305936559535388
1425305937059555614, 1425305937059560218
1425305937559580447, 1425305937559585048
1425305938059605281, 1425305938059609878
1425305938559630114, 1425305938559634708
1425305939059654947, 1425305939059659538
1425305939559679781, 1425305939559684368
1425305940059704614, 1425305940059709198
1425305940559729448, 1425305940559734028
1425305941059754281, 1425305941059758858
1425305941559779156, 1425305941559783688
1425305942059803989, 1425305942059808518
1425305942559828823, 1425305942559833348
1425305943059853656, 1425305943059858178
1425305943559878490, 1425305943559883008
1425305944059903323, 1425305944059907838
1425305944559928156, 1425305944559932668
1425305945059952990, 1425305945059957498
1425305945559977823, 1425305945559982328
1425305946060002698, 1425305946060007158
1425305946560027532, 1425305946560031988
1425305947060052365, 1425305947060056818
1425305947560077198, 1425305947560081648
1425305948060102032, 1425305948060106478
1425305948560126865, 1425305948560131308
1425305949060151699, 1425305949060156138
1425305949560176532, 1425305949560180968
1425305950060201365, 1425305950060205798
1425305950560226199, 1425305950560230628
1425305951060251032, 1425305951060255458
1425305951560275907, 1425305951560280288
1425305952060300741, 1425305952060305118
1425305952560325574, 1425305952560329948
1425305953060350407, 1425305953060354778
1425305953560375241, 1425305953560379608
1425305954060400074, 1425305954060404438
1425305954560424908, 1425305954560429268
1425305955060449699, 1425305955060454098
1425305955560474533, 1425305955560478928
1425305956060499366, 1425305956060503758
1425305956560524199, 1425305956560528588
1425305957060549033, 1425305957060553418
1425305957560573866, 1425305957560578248
1425305958060598700, 1425305958060603078
1425305958560623533, 1425305958560627908
1425305959060648366, 1425305959060652738
1425305959560673158, 1425305959560677568
1425305960060697992, 1425305960060702398
1425305960560722825, 1425305960560727228
1425305961060747658, 1425305961060752058
1425305961560772492, 1425305961560776888
1425305962060797325, 1425305962060801718
1425305962560822158, 1425305962560826548
1425305963060846992, 1425305963060851378
1425305963560871825, 1425305963560876208
1425305964060896659, 1425305964060901038
1425305964560921450, 1425305964560925868
1425305965060946284, 1425305965060950698
1425305965560971117, 1425305965560975528
1425305966060995951, 1425305966061000358
1425305966561020784, 1425305966561025188
1425305967061045617, 1425305967061050018
1425305967561070409, 1425305967561074848
1425305968061095242, 1425305968061099678
1425305968561120076, 1425305968561124508
1425305969061144909, 1425305969061149338
1425305969561169701, 1425305969561174168
1425305970061194534, 1425305970061198998
1425305970561219368, 1425305970561223828
1425305971061244201, 1425305971061248658
1425305971561268993, 1425305971561273488
1425305972061293826, 1425305972061298318
1425305972561318660, 1425305972561323148
1425305973061343451, 1425305973061347978
1425305973561368285, 1425305973561372808
1425305974061393118, 1425305974061397638
1425305974561417952, 1425305974561422468
1425305975061442785, 1425305975061447298
1425305975561467618, 1425305975561472128
1425305976061492410, 1425305976061496958
1425305976561517243, 1425305976561521788
1425305977061542077, 1425305977061546618
1425305977561566910, 1425305977561571448
1425305978061591744, 1425305978061596278
1425305978561616577, 1425305978561621108
1425305979061641410, 1425305979061645938
1425305979561666244, 1425305979561670768
1425305980061691077, 1425305980061695598
1425305980561715911, 1425305980561720428
1425305981061740744, 1425305981061745258
1425305981561765577, 1425305981561770088
1425305982061790411, 1425305982061794918
1425305982561815244, 1425305982561819748
1425305983061840078, 1425305983061844578
1425305983561864911, 1425305983561869408
1425305984061889744, 1425305984061894238
1425305984561914578, 1425305984561919068
1425305985061939411, 1425305985061943898
1425305985561964245, 1425305985561968728
1425305986061989078, 1425305986061993558
1425305986562013911, 1425305986562018388
1425305987062038745, 1425305987062043218
1425305987562063578, 1425305987562068048
1425305988062088412, 1425305988062092878
1425305988562113287, 1425305988562117708
1425305989062138120, 1425305989062142538
1425305989562162953, 1425305989562167368
1425305990062187787, 1425305990062192198
1425305990562212620, 1425305990562217028
1425305991062237454, 1425305991062241858
1425305991562262329, 1425305991562266688
1425305992062287162, 1425305992062291518
1425305992562311995, 1425305992562316348
1425305993062336870, 1425305993062341178
1425305993562361704, 1425305993562366008
1425305994062386537, 1425305994062390838
1425305994562411412, 1425305994562415668
1425305995062436246, 1425305995062440498
1425305995562461079, 1425305995562465328
1425305996062485912, 1425305996062490158
1425305996562510788, 1425305996562514988
1425305997062535621, 1425305997062539818
1425305997562560454, 1425305997562564648
1425305998062585288, 1425305998062589478
1425305998562610163, 1425305998562614308
1425305999062634996, 1425305999062639138
1425305999562659830, 1425305999562663968
1425306000062684705, 1425306000062688798
1425306000562709538, 1425306000562713628
1425306001062734371, 1425306001062738458
1425306001562759246, 1425306001562763288
1425306002062784080, 1425306002062788118
1425306002562808913, 1425306002562812948
1425306003062833788, 1425306003062837778
1425306003562858622, 1425306003562862608
1425306004062883497, 1425306004062887438
1425306004562908330, 1425306004562912268
1425306005062933205, 1425306005062937098
1425306005562958039, 1425306005562961928
1425306006062982914, 1425306006062986758
1425306006563007747, 1425306006563011588
1425306007063032580, 1425306007063036418
1425306007563057456, 1425306007563061248
1425306008063082289, 1425306008063086078
1425306008563107164, 1425306008563110908
1425306009063131997, 1425306009063135738
1425306009563156872, 1425306009563160568
1425306010063181706, 1425306010063185398
1425306010563206581, 1425306010563210228
1425306011063231414, 1425306011063235058
1425306011563256289, 1425306011563259888
1425306012063281123, 1425306012063284718
1425306012563305998, 1425306012563309548
1425306013063330873, 1425306013063334378
1425306013563355706, 1425306013563359208
1425306014063380581, 1425306014063384038
1425306014563405415, 1425306014563408868
1425306015063430290, 1425306015063433698
1425306015563455123, 1425306015563458528
1425306016063479998, 1425306016063483358
1425306016563504873, 1425306016563508188
1425306017063529748, 1425306017063533018
1425306017563554582, 1425306017563557848
1425306018063579457, 1425306018063582678
1425306018563604290, 1425306018563607508
1425306019063629165, 1425306019063636083
1425306019563653999, 1425306019563660933
1425306020063678874, 1425306020063685783
1425306020563703749, 1425306020563710633
1425306021063728582, 1425306021063735483
1425306021563753457, 1425306021563760333
1425306022063778332, 1425306022063785183
1425306022563803166, 1425306022563810033
1425306023063828041, 1425306023063834883
1425306023563852874, 1425306023563859733
1425306024063877749, 1425306024063884583
1425306024563902624, 1425306024563909433
1425306025063927458, 1425306025063934283
1425306025563952333, 1425306025563959133
1425306026063977166, 1425306026063983983
1425306026564002041, 1425306026564008833
1425306027064026916, 1425306027064033683
1425306027564051750, 1425306027564058533
1425306028064076625, 1425306028064083383
1425306028564101500, 1425306028564108233
1425306029064126333, 1425306029064133083
1425306029564151208, 1425306029564157933
1425306030064176042, 1425306030064182783
1425306030564200917, 1425306030564207633
1425306031064225792, 1425306031064232483
1425306031564250667, 1425306031564257333
1425306032064275500, 1425306032064282183
1425306032564300375, 1425306032564307033
1425306033064325250, 1425306033064331883
1425306033564350125, 1425306033564356733
1425306034064375000, 1425306034064381583
1425306034564399875, 1425306034564406433
1425306035064424709, 1425306035064431283
1425306035564449584, 1425306035564456133
1425306036064474459, 1425306036064480983
1425306036564499334, 1425306036564505833
1425306037064524167, 1425306037064530683
1425306037564549042, 1425306037564555533
1425306038064573917, 1425306038064580383
1425306038564598793, 1425306038564605233
1425306039064623626, 1425306039064630083
1425306039564648501, 1425306039564654933
1425306040064673376, 1425306040064679783
1425306040564698209, 1425306040564704633
1425306041064723085, 1425306041064729483
1425306041564747960, 1425306041564754333
1425306042064772793, 1425306042064779183
1425306042564797668, 1425306042564804033
1425306043064822543, 1425306043064828883
1425306043564847376, 1425306043564853733
1425306044064872252, 1425306044064878583
1425306044564897127, 1425306044564903433
1425306045064921960, 1425306045064928283
1425306045564946835, 1425306045564953133
1425306046064971710, 1425306046064977983
1425306046564996585, 1425306046565002833
1425306047065021419, 1425306047065027683
1425306047565046294, 1425306047565052533
1425306048065071169, 1425306048065077383
1425306048565096002, 1425306048565102233
1425306049065120877, 1425306049065127083
1425306049565145752, 1425306049565151933
1425306050065170627, 1425306050065176783
1425306050565195502, 1425306050565201633
1425306051065220336, 1425306051065226483
1425306051565245211, 1425306051565251333
1425306052065270086, 1425306052065276183
1425306052565294961, 1425306052565301033
1425306053065319794, 1425306053065325883
1425306053565344669, 1425306053565350733
1425306054065369544, 1425306054065375583
1425306054565394419, 1425306054565400433
1425306055065419295, 1425306055065425283
1425306055565444128, 1425306055565450133
1425306056065469003, 1425306056065474983
1425306056565493878, 1425306056565499833
1425306057065518753, 1425306057065524683
1425306057565543628, 1425306057565549533
1425306058065568462, 1425306058065574383
1425306058565593337, 1425306058565599233
1425306059065618212, 1425306059065624083
1425306059565643087, 1425306059565648933
1425306060065667962, 1425306060065673783
1425306060565692795, 1425306060565698633
1425306061065717670, 1425306061065723483
1425306061565742545, 1425306061565748333
1425306062065767420, 1425306062065773183
1425306062565792295, 1425306062565798033
1425306063065817170, 1425306063065822883
1425306063565842004, 1425306063565847733
1425306064065866879, 1425306064065872583
1425306064565891754, 1425306064565897433
1425306065065916629, 1425306065065922283
1425306065565941462, 1425306065565947133
1425306066065966337, 1425306066065971983
1425306066565991213, 1425306066565996813
1425306067066016088, 1425306067066021643
1425306067566040921, 1425306067566046473
1425306068066065796, 1425306068066071303
1425306068566090671, 1425306068566096133
1425306069066115546, 1425306069066120963
1425306069566140380, 1425306069566145793
1425306070066165255, 1425306070066170623
1425306070566190130, 1425306070566195453
1425306071066215005, 1425306071066220283
1425306071566239880, 1425306071566245113
1425306072066264755, 1425306072066269943
1425306072566289630, 1425306072566294773
1425306073066314505, 1425306073066319603
1425306073566339380, 1425306073566344433
1425306074066364255, 1425306074066369263
1425306074566389089, 1425306074566394093
1425306075066413964, 1425306075066418923
1425306075566438839, 1425306075566443753
1425306076066463714, 1425306076066468583
1425306076566488589, 1425306076566493413
1425306077066513422, 1425306077066518243
1425306077566538297, 1425306077566543073
1425306078066563172, 1425306078066567903
1425306078566588047, 1425306078566592733
1425306079066612922, 1425306079066617563
1425306079566637797, 1425306079566642393
1425306080066662631, 1425306080066667223
1425306080566687506, 1425306080566692053
1425306081066712381, 1425306081066716883
1425306081566737256, 1425306081566741713
1425306082066762131, 1425306082066766543
1425306082566787006, 1425306082566791373
1425306083066811881, 1425306083066816203
1425306083566836756, 1425306083566841033
1425306084066861631, 1425306084066865863
1425306084566886465, 1425306084566890693
1425306085066911340, 1425306085066915523
1425306085566936215, 1425306085566940353
1425306086066961090, 1425306086066965183
1425306086566985965, 1425306086566990013
1425306087067010840, 1425306087067014843
1425306087567035715, 1425306087567039673
1425306088067060590, 1425306088067064503
1425306088567085424, 1425306088567089333
1425306089067110299, 1425306089067114163
1425306089567135174, 1425306089567138993
1425306090067160049, 1425306090067163823
1425306090567184924, 1425306090567188653
1425306091067209799, 1425306091067213483
1425306091567234674, 1425306091567238313
1425306092067259549, 1425306092067263143
1425306092567284424, 1425306092567287973
1425306093067309257, 1425306093067312803
1425306093567334132, 1425306093567337633
1425306094067359008, 1425306094067362463
1425306094567383883, 1425306094567387293
1425306095067408758, 1425306095067412123
1425306095567433633, 1425306095567436953
1425306096067458508, 1425306096067461783
1425306096567483341, 1425306096567486613
1425306097067508216, 1425306097067511443
1425306097567533091, 1425306097567540018
1425306098067557966, 1425306098067564868
1425306098567582841, 1425306098567589718
1425306099067607716, 1425306099067614568
1425306099567632591, 1425306099567639418
1425306100067657467, 1425306100067664268
1425306100567682342, 1425306100567689118
1425306101067707217, 1425306101067713968
1425306101567732092, 1425306101567738818
1425306102067756967, 1425306102067763668
1425306102567781842, 1425306102567788518
1425306103067806717, 1425306103067813368
1425306103567831592, 1425306103567838218
1425306104067856467, 1425306104067863068
1425306104567881342, 1425306104567887918
1425306105067906217, 1425306105067912768
1425306105567931051, 1425306105567937618
1425306106067955967, 1425306106067962468
1425306106567980801, 1425306106567987318
1425306107068005717, 1425306107068012168
1425306107568030592, 1425306107568037018
1425306108068055468, 1425306108068061868
1425306108568080343, 1425306108568086718
1425306109068105218, 1425306109068111568
1425306109568130093, 1425306109568136418
1425306110068154968, 1425306110068161268
1425306110568179843, 1425306110568186118
1425306111068204718, 1425306111068210968
1425306111568229593, 1425306111568235818
1425306112068254468, 1425306112068260668
1425306112568279343, 1425306112568285518
1425306113068304218, 1425306113068310368
1425306113568329093, 1425306113568335218
1425306114068353968, 1425306114068360068
1425306114568378843, 1425306114568384918
1425306115068403718, 1425306115068409768
1425306115568428635, 1425306115568434618
1425306116068453510, 1425306116068459468
1425306116568478385, 1425306116568484318
1425306117068503260, 1425306117068509168
1425306117568528135, 1425306117568534018
1425306118068553010, 1425306118068558868
1425306118568577885, 1425306118568583718
1425306119068602760, 1425306119068608568
1425306119568627636, 1425306119568633418
1425306120068652511, 1425306120068658268
1425306120568677386, 1425306120568683118
1425306121068702302, 1425306121068707968
1425306121568727177, 1425306121568732818
1425306122068752053, 1425306122068757668
1425306122568776928, 1425306122568782498
1425306123068801803, 1425306123068807328
1425306123568826678, 1425306123568832158
1425306124068851553, 1425306124068856988
1425306124568876428, 1425306124568881818
1425306125068901303, 1425306125068906648
1425306125568926178, 1425306125568931478
1425306126068951053, 1425306126068956308
1425306126568975970, 1425306126568981138
1425306127069000845, 1425306127069005968
1425306127569025720, 1425306127569030798
1425306128069050595, 1425306128069055628
1425306128569075470, 1425306128569080458
1425306129069100345, 1425306129069105288
1425306129569125262, 1425306129569130118
1425306130069150137, 1425306130069154948
1425306130569175012, 1425306130569179778
1425306131069199887, 1425306131069204608
1425306131569224762, 1425306131569229438
1425306132069249637, 1425306132069254268
1425306132569274512, 1425306132569279098
1425306133069299429, 1425306133069303928
1425306133569324304, 1425306133569328758
1425306134069349179, 1425306134069353588
1425306134569374054, 1425306134569378418
1425306135069398929, 1425306135069403248
1425306135569423804, 1425306135569428078
1425306136069448679, 1425306136069452908
1425306136569473554, 1425306136569477738
1425306137069498429, 1425306137069502568
1425306137569523304, 1425306137569527398
1425306138069548221, 1425306138069552228
1425306138569573096, 1425306138569577058
1425306139069597971, 1425306139069601888
1425306139569622846, 1425306139569626718
1425306140069647721, 1425306140069651548
1425306140569672596, 1425306140569676378
1425306141069697471, 1425306141069701208
1425306141569722388, 1425306141569726038
1425306142069747263, 1425306142069750868
1425306142569772138, 1425306142569775698
1425306143069797013, 1425306143069800528
1425306143569821888, 1425306143569825358
1425306144069846763, 1425306144069850188
1425306144569871680, 1425306144569875018
1425306145069896555, 1425306145069899848
1425306145569921430, 1425306145569924678
1425306146069946305, 1425306146069949508
1425306146569971180, 1425306146569978083
1425306147069996055, 1425306147070002933
1425306147570020972, 1425306147570027783
1425306148070045847, 1425306148070052633
1425306148570070722, 1425306148570077483
1425306149070095597, 1425306149070102333
1425306149570120472, 1425306149570127183
1425306150070145389, 1425306150070152033
1425306150570170264, 1425306150570176883
1425306151070195139, 1425306151070201733
1425306151570220056, 1425306151570226583
1425306152070244931, 1425306152070251433
1425306152570269806, 1425306152570276283
1425306153070294723, 1425306153070301133
1425306153570319598, 1425306153570325983
1425306154070344473, 1425306154070350833
1425306154570369348, 1425306154570375683
1425306155070394265, 1425306155070400533
1425306155570419140, 1425306155570425383
1425306156070444015, 1425306156070450233
1425306156570468932, 1425306156570475083
1425306157070493807, 1425306157070499933
1425306157570518682, 1425306157570524783
1425306158070543557, 1425306158070549633
1425306158570568474, 1425306158570574483
1425306159070593349, 1425306159070599333
1425306159570618224, 1425306159570624183
1425306160070643140, 1425306160070649033
1425306160570668015, 1425306160570673883
1425306161070692890, 1425306161070698733
1425306161570717766, 1425306161570723583
1425306162070742682, 1425306162070748433
1425306162570767557, 1425306162570773283
1425306163070792432, 1425306163070798133
1425306163570817307, 1425306163570822983
1425306164070842224, 1425306164070847833
1425306164570867099, 1425306164570872663
1425306165070891974, 1425306165070897493
1425306165570916849, 1425306165570922323
1425306166070941766, 1425306166070947153
1425306166570966641, 1425306166570971983
1425306167070991516, 1425306167070996813
1425306167571016433, 1425306167571021643
1425306168071041308, 1425306168071046473
1425306168571066183, 1425306168571071303
1425306169071091058, 1425306169071096133
1425306169571115975, 1425306169571120963
1425306170071140850, 1425306170071145793
1425306170571165725, 1425306170571170623
1425306171071190642, 1425306171071195453
1425306171571215517, 1425306171571220283
1425306172071240392, 1425306172071245113
1425306172571265309, 1425306172571269943
1425306173071290184, 1425306173071294773
1425306173571315059, 1425306173571319603
1425306174071339975, 1425306174071344433
1425306174571364850, 1425306174571369263
1425306175071389725, 1425306175071394093
1425306175571414642, 1425306175571418923
1425306176071439517, 1425306176071443753
1425306176571464434, 1425306176571468583
1425306177071489309, 1425306177071493413
1425306177571514184, 1425306177571518243
1425306178071539101, 1425306178071543073
1425306178571563976, 1425306178571567903
1425306179071588851, 1425306179071592733
1425306179571613726, 1425306179571617563
1425306180071638643, 1425306180071642393
1425306180571663518, 1425306180571667223
1425306181071688393, 1425306181071692053
1425306181571713268, 1425306181571716883
1425306182071738185, 1425306182071741713
1425306182571763060, 1425306182571766543
1425306183071787935, 1425306183071791373
1425306183571812810, 1425306183571816203
1425306184071837727, 1425306184071841033
1425306184571862602, 1425306184571865863
1425306185071887477, 1425306185071890693
1425306185571912393, 1425306185571919268
1425306186071937268, 1425306186071944118
1425306186571962144, 1425306186571968968
1425306187071987060, 1425306187071993818
1425306187572011935, 1425306187572018668
1425306188072036810, 1425306188072043518
1425306188572061727, 1425306188572068368
1425306189072086602, 1425306189072093218
1425306189572111477, 1425306189572118068
1425306190072136394, 1425306190072142918
1425306190572161269, 1425306190572167768
1425306191072186144, 1425306191072192618
1425306191572211061, 1425306191572217468
1425306192072235936, 1425306192072242318
1425306192572260853, 1425306192572267168
1425306193072285728, 1425306193072292018
1425306193572310644, 1425306193572316868
1425306194072335519, 1425306194072341718
1425306194572360394, 1425306194572366568
1425306195072385311, 1425306195072391418
1425306195572410186, 1425306195572416268
1425306196072435103, 1425306196072441118
1425306196572459978, 1425306196572465968
1425306197072484895, 1425306197072490818
1425306197572509770, 1425306197572515668
1425306198072534645, 1425306198072540518
1425306198572559562, 1425306198572565368
1425306199072584437, 1425306199072590218
1425306199572609353, 1425306199572615068
1425306200072634228, 1425306200072639918
1425306200572659145, 1425306200572664768
1425306201072684020, 1425306201072689618
1425306201572708895, 1425306201572714448
1425306202072733812, 1425306202072739278
1425306202572758687, 1425306202572764108
1425306203072783562, 1425306203072788938
1425306203572808479, 1425306203572813768
1425306204072833354, 1425306204072838598
1425306204572858229, 1425306204572863428
1425306205072883146, 1425306205072888258
1425306205572908021, 1425306205572913088
1425306206072932896, 1425306206072937918
1425306206572957771, 1425306206572962748
1425306207072982688, 1425306207072987578
1425306207573007563, 1425306207573012408
1425306208073032438, 1425306208073037238
1425306208573057354, 1425306208573062068
1425306209073082230, 1425306209073086898
1425306209573107105, 1425306209573111728
1425306210073131980, 1425306210073136558
1425306210573156896, 1425306210573161388
1425306211073181771, 1425306211073186218
1425306211573206688, 1425306211573211048
1425306212073231563, 1425306212073235878
1425306212573256438, 1425306212573260708
1425306213073281355, 1425306213073285538
1425306213573306230, 1425306213573310368
1425306214073331147, 1425306214073335198
1425306214573356022, 1425306214573360028
1425306215073380897, 1425306215073384858
1425306215573405814, 1425306215573409688
1425306216073430689, 1425306216073434518
1425306216573455605, 1425306216573459348
1425306217073480481, 1425306217073484178
1425306217573505397, 1425306217573509008
1425306218073530272, 1425306218073533838
1425306218573555189, 1425306218573558668
1425306219073580064, 1425306219073583498
1425306219573604981, 1425306219573608328
1425306220073629856, 1425306220073633158
1425306220573654731, 1425306220573657988
1425306221073679648, 1425306221073682818
1425306221573704564, 1425306221573711393
1425306222073729439, 1425306222073736243
1425306222573754356, 1425306222573761093
1425306223073779231, 1425306223073785943
1425306223573804148, 1425306223573810793
1425306224073829023, 1425306224073835643
1425306224573853940, 1425306224573860493
1425306225073878815, 1425306225073885343
1425306225573903690, 1425306225573910193
1425306226073928607, 1425306226073935043
1425306226573953482, 1425306226573959893
1425306227073978398, 1425306227073984743
1425306227574003315, 1425306227574009593
1425306228074028190, 1425306228074034443
1425306228574053065, 1425306228574059293
1425306229074077982, 1425306229074084143
1425306229574102857, 1425306229574108993
1425306230074127774, 1425306230074133843
1425306230574152649, 1425306230574158693
1425306231074177566, 1425306231074183543
1425306231574202441, 1425306231574208393
1425306232074227357, 1425306232074233243
1425306232574252274, 1425306232574258093
1425306233074277149, 1425306233074282943
1425306233574302066, 1425306233574307793
1425306234074326941, 1425306234074332643
1425306234574351858, 1425306234574357493
1425306235074376733, 1425306235074382343
1425306235574401649, 1425306235574407173
1425306236074426524, 1425306236074432003
1425306236574451441, 1425306236574456833
1425306237074476316, 1425306237074481663
1425306237574501233, 1425306237574506493
1425306238074526150, 1425306238074531323
1425306238574551025, 1425306238574556153
1425306239074575941, 1425306239074580983
1425306239574600817, 1425306239574605813
1425306240074625733, 1425306240074630643
1425306240574650650, 1425306240574655473
1425306241074675525, 1425306241074680303
1425306241574700442, 1425306241574705133
1425306242074725358, 1425306242074729963
1425306242574750275, 1425306242574754793
1425306243074775192, 1425306243074779623
1425306243574800067, 1425306243574804453
1425306244074824984, 1425306244074829283
1425306244574849900, 1425306244574854113
1425306245074874776, 1425306245074878943
1425306245574899692, 1425306245574903773
1425306246074924567, 1425306246074928603
1425306246574949484, 1425306246574953433
1425306247074974401, 1425306247074978263
1425306247574999276, 1425306247575003093
1425306248075024193, 1425306248075027923
1425306248575049068, 1425306248575052753
1425306249075073984, 1425306249075077583
1425306249575098859, 1425306249575102413
1425306250075123776, 1425306250075127243
1425306250575148651, 1425306250575152073
1425306251075173568, 1425306251075176903
1425306251575198443, 1425306251575201733
1425306252075223360, 1425306252075226563
1425306252575248276, 1425306252575255138
1425306253075273151, 1425306253075279988
1425306253575298068, 1425306253575304838
1425306254075322943, 1425306254075329688
1425306254575347860, 1425306254575354538
1425306255075372735, 1425306255075379388
1425306255575397652, 1425306255575404238
1425306256075422568, 1425306256075429088
1425306256575447444, 1425306256575453938
1425306257075472360, 1425306257075478788
1425306257575497277, 1425306257575503638
1425306258075522194, 1425306258075528488
1425306258575547069, 1425306258575553338
1425306259075571986, 1425306259075578188
1425306259575596861, 1425306259575603038
1425306260075621777, 1425306260075627888
1425306260575646694, 1425306260575652738
1425306261075671569, 1425306261075677588
1425306261575696486, 1425306261575702438
1425306262075721361, 1425306262075727288
1425306262575746278, 1425306262575752138
1425306263075771153, 1425306263075776988
1425306263575796069, 1425306263575801838
1425306264075820986, 1425306264075826688
1425306264575845861, 1425306264575851538
1425306265075870778, 1425306265075876388
1425306265575895653, 1425306265575901238
1425306266075920570, 1425306266075926068
1425306266575945445, 1425306266575950898
1425306267075970361, 1425306267075975728
1425306267575995237, 1425306267576000558
1425306268076020153, 1425306268076025388
1425306268576045028, 1425306268576050218
1425306269076069945, 1425306269076075048
1425306269576094820, 1425306269576099878
1425306270076119737, 1425306270076124708
1425306270576144612, 1425306270576149538
1425306271076169529, 1425306271076174368
1425306271576194404, 1425306271576199198
1425306272076219320, 1425306272076224028
1425306272576244195, 1425306272576248858
1425306273076269071, 1425306273076273688
1425306273576293987, 1425306273576298518
1425306274076318904, 1425306274076323348
1425306274576343779, 1425306274576348178
1425306275076368696, 1425306275076373008
1425306275576393571, 1425306275576397838
1425306276076418488, 1425306276076422668
1425306276576443363, 1425306276576447498
1425306277076468279, 1425306277076472328
1425306277576493154, 1425306277576497158
1425306278076518071, 1425306278076521988
1425306278576542946, 1425306278576546818
1425306279076567863, 1425306279076571648
1425306279576592738, 1425306279576596478
1425306280076617655, 1425306280076621308
1425306280576642571, 1425306280576646138
1425306281076667446, 1425306281076670968
1425306281576692363, 1425306281576695798
1425306282076717280, 1425306282076720628
1425306282576742155, 1425306282576745458
1425306283076767072, 1425306283076770288
1425306283576791988, 1425306283576798863
1425306284076816863, 1425306284076823713
1425306284576841780, 1425306284576848563
1425306285076866697, 1425306285076873413
1425306285576891614, 1425306285576898263
1425306286076916489, 1425306286076923113
1425306286576941405, 1425306286576947963
1425306287076966322, 1425306287076972813
1425306287576991197, 1425306287576997663
1425306288077016114, 1425306288077022513
1425306288577041031, 1425306288577047363
1425306289077065947, 1425306289077072213
1425306289577090864, 1425306289577097063
1425306290077115739, 1425306290077121913
1425306290577140656, 1425306290577146763
1425306291077165573, 1425306291077171613
1425306291577190489, 1425306291577196463
1425306292077215364, 1425306292077221313
1425306292577240281, 1425306292577246163
1425306293077265198, 1425306293077271013
1425306293577290115, 1425306293577295863
1425306294077314990, 1425306294077320713
1425306294577339906, 1425306294577345563
1425306295077364823, 1425306295077370413
1425306295577389740, 1425306295577395243
1425306296077414615, 1425306296077420073
1425306296577439532, 1425306296577444903
1425306297077464448, 1425306297077469733
1425306297577489365, 1425306297577494563
1425306298077514240, 1425306298077519393
1425306298577539157, 1425306298577544223
1425306299077564074, 1425306299077569053
1425306299577588990, 1425306299577593883
1425306300077613907, 1425306300077618713
1425306300577638782, 1425306300577643543
1425306301077663699, 1425306301077668373
1425306301577688616, 1425306301577693203
1425306302077713532, 1425306302077718033
1425306302577738449, 1425306302577742863
1425306303077763324, 1425306303077767693
1425306303577788241, 1425306303577792523
1425306304077813158, 1425306304077817353
1425306304577838074, 1425306304577842183
1425306305077862991, 1425306305077867013
1425306305577887866, 1425306305577891843
1425306306077912783, 1425306306077916673
1425306306577937700, 1425306306577941503
1425306307077962616, 1425306307077966333
1425306307577987533, 1425306307577991163
1425306308078012408, 1425306308078015993
1425306308578037325, 1425306308578040823
1425306309078062241, 1425306309078065653
1425306309578087158, 1425306309578090483
1425306310078112033, 1425306310078115313
1425306310578136950, 1425306310578140143
1425306311078161867, 1425306311078168718
1425306311578186742, 1425306311578193568
1425306312078211658, 1425306312078218418
1425306312578236575, 1425306312578243268
1425306313078261492, 1425306313078268118
1425306313578286367, 1425306313578292968
1425306314078311284, 1425306314078317818
1425306314578336159, 1425306314578342668
1425306315078361076, 1425306315078367518
1425306315578385992, 1425306315578392368
1425306316078410867, 1425306316078417218
1425306316578435784, 1425306316578442068
1425306317078460701, 1425306317078466918
1425306317578485576, 1425306317578491768
1425306318078510493, 1425306318078516618
1425306318578535409, 1425306318578541468
1425306319078560284, 1425306319078566318
1425306319578585201, 1425306319578591168
1425306320078610118, 1425306320078616018
1425306320578635035, 1425306320578640868
1425306321078659910, 1425306321078665718
1425306321578684826, 1425306321578690568
1425306322078709743, 1425306322078715418
1425306322578734618, 1425306322578740268
1425306323078759535, 1425306323078765118
1425306323578784452, 1425306323578789948
1425306324078809327, 1425306324078814778
1425306324578834243, 1425306324578839608
1425306325078859160, 1425306325078864438
1425306325578884077, 1425306325578889268
1425306326078908952, 1425306326078914098
1425306326578933869, 1425306326578938928
1425306327078958785, 1425306327078963758
1425306327578983660, 1425306327578988588
1425306328079008577, 1425306328079013418
1425306328579033494, 1425306328579038248
1425306329079058411, 1425306329079063078
1425306329579083286, 1425306329579087908
1425306330079108202, 1425306330079112738
1425306330579133119, 1425306330579137568
1425306331079157994, 1425306331079162398
1425306331579182911, 1425306331579187228
1425306332079207828, 1425306332079212058
1425306332579232703, 1425306332579236888
1425306333079257619, 1425306333079261718
1425306333579282536, 1425306333579286548
1425306334079307453, 1425306334079311378
1425306334579332328, 1425306334579336208
1425306335079357245, 1425306335079361038
1425306335579382161, 1425306335579385868
1425306336079407036, 1425306336079410698
1425306336579431953, 1425306336579435528
1425306337079456870, 1425306337079460358
1425306337579481745, 1425306337579485188
1425306338079506662, 1425306338079510018
1425306338579531578, 1425306338579534848
1425306339079556453, 1425306339079559678
1425306339579581370, 1425306339579588253
1425306340079606287, 1425306340079613103
1425306340579631162, 1425306340579637953
1425306341079656079, 1425306341079662803
1425306341579680995, 1425306341579687653
1425306342079705870, 1425306342079712503
1425306342579730787, 1425306342579737353
1425306343079755704, 1425306343079762203
1425306343579780579, 1425306343579787053
1425306344079805496, 1425306344079811903
1425306344579830412, 1425306344579836753
1425306345079855287, 1425306345079861603
1425306345579880204, 1425306345579886453
1425306346079905079, 1425306346079911303
1425306346579929996, 1425306346579936153
1425306347079954913, 1425306347079961003
1425306347579979829, 1425306347579985853
1425306348080004704, 1425306348080010703
1425306348580029621, 1425306348580035553
1425306349080054538, 1425306349080060403
1425306349580079413, 1425306349580085253
1425306350080104330, 1425306350080110103
1425306350580129246, 1425306350580134953
1425306351080154121, 1425306351080159803
1425306351580179038, 1425306351580184653
1425306352080203955, 1425306352080209483
1425306352580228872, 1425306352580234313
1425306353080253788, 1425306353080259143
1425306353580278663, 1425306353580283973
1425306354080303580, 1425306354080308803
1425306354580328497, 1425306354580333633
1425306355080353414, 1425306355080358463
1425306355580378289, 1425306355580383293
1425306356080403205, 1425306356080408123
1425306356580428122, 1425306356580432953
1425306357080452997, 1425306357080457783
1425306357580477914, 1425306357580482613
1425306358080502831, 1425306358080507443
1425306358580527706, 1425306358580532273
1425306359080552622, 1425306359080557103
1425306359580577497, 1425306359580581933
1425306360080602414, 1425306360080606763
1425306360580627289, 1425306360580631593
1425306361080652206, 1425306361080656423
1425306361580677081, 1425306361580681253
1425306362080701998, 1425306362080706083
1425306362580726873, 1425306362580730913
1425306363080751790, 1425306363080755743
1425306363580776706, 1425306363580780573
1425306364080801581, 1425306364080805403
1425306364580826498, 1425306364580830233
1425306365080851373, 1425306365080855063
1425306365580876290, 1425306365580879893
1425306366080901207, 1425306366080904723
1425306366580926082, 1425306366580929553
1425306367080950998, 1425306367080954383
1425306367580975915, 1425306367580979213
